date,Equity Minimum-Variance + sentiment,Equity Maximum-Sharpe + sentiment
2021-01-04,0.0074513489420282575,-0.002894772940813639
2021-01-05,0.0011480880506060664,0.005400857184383989
2021-01-06,0.00805589576522947,-0.009178816176081406
2021-01-07,0.005161608629532077,0.01891544630322839
2021-01-08,-0.003980975408742982,-0.0026892652950477602
2021-01-11,0.0007533220622710779,-0.004381442051726636
2021-01-12,0.002197484771262026,-0.015418018714104531
2021-01-13,-0.0024773867833373098,-0.001301582635749532
2021-01-14,0.004488344958720747,-0.012395673035506594
2021-01-15,-0.006866761952991629,-0.006674523331113735
2021-01-19,0.009979289822434234,0.008756248006348333
2021-01-20,0.014661051936793346,0.02744340750223717
2021-01-21,-0.009540681459044631,-0.0025784135232667094
2021-01-22,-0.00016824904763645954,-0.0058291491884712165
2021-01-25,0.0028612400191769805,0.0015065679028458678
2021-01-26,-0.0023864847674041068,-0.007744296624908276
2021-01-27,-0.023788462180237224,-0.040366313013226796
2021-01-28,0.0010325397581316675,0.02004414583388825
2021-01-29,-0.011121491843340214,-0.006304510573468369
2021-02-01,5.150723960545278e-05,0.00826529735520265
2021-02-02,0.006561335946213331,0.02370530672263582
2021-02-03,-0.0010898960824827775,-0.010826293442454782
2021-02-04,0.0039901863562570306,-0.00781924359315056
2021-02-05,0.013696159071819869,0.0017143907606558262
2021-02-08,0.0022298998502490175,0.027901509893609733
2021-02-09,-0.0007498421855712811,-0.01613155833841029
2021-02-10,-0.007023327555949255,0.0065995003819196985
2021-02-11,-0.0045908097832876305,0.005153604215493823
2021-02-12,0.004101925374330628,-0.0006847946985860665
2021-02-16,-0.008386055787142577,0.00032854404886606403
2021-02-17,0.007697037440001608,-0.015170359655949706
2021-02-18,-0.01252955083805185,-0.0009824723398865753
2021-02-19,-0.007211538102298021,-6.089573157452843e-05
2021-02-22,0.0013209950755603828,-0.021962226060640577
2021-02-23,-0.006622499576758201,-0.01232810925044625
2021-02-24,-0.0004542007325304409,0.016148206666371623
2021-02-25,-0.008024772892443521,-0.04093837440234016
2021-02-26,-0.0169410500869841,0.008546188650208508
2021-03-01,0.009773361191060426,0.017281940865403023
2021-03-02,0.0018945178339153657,-0.007313135930674064
2021-03-03,-0.012994344238905109,-0.024968011657263922
2021-03-04,-0.0032119450982359687,-0.02135933265908274
2021-03-05,0.014587191665895505,0.010165963242387388
2021-03-08,-0.005660537984053193,-0.03229416618948444
2021-03-09,0.00630643381091156,0.023217545795049643
2021-03-10,0.008745849811943707,-0.0006969077618714792
2021-03-11,-0.001246249461510196,0.019536055227298066
2021-03-12,0.004061468979984051,0.009248390629297054
2021-03-15,0.012430170793638506,-0.004375309048895604
2021-03-16,0.0055764540921712236,0.004497051653968853
2021-03-17,-0.013542410812480865,-0.003133571024648507
2021-03-18,-0.008404370393980565,-0.013865822082957169
2021-03-19,-0.0007585591958064741,-0.000988801037182463
2021-03-22,0.012076739072068854,0.011592946280636118
2021-03-23,-0.00038700219558562843,-0.007740523354806239
2021-03-24,-0.007804402566634061,-0.008499953314083708
2021-03-25,0.0029197758948333874,0.006469213889517267
2021-03-26,0.016825793898651575,0.02600915193421005
2021-03-29,0.011048690528993266,0.006333791312541859
2021-03-30,-0.0073273945317128275,0.004883582910980122
2021-03-31,0.001306404303586861,0.004437561003328927
2021-04-01,0.007202637425704594,0.008527817940612747
2021-04-05,0.011847956532576642,0.002659782547070888
2021-04-06,0.0003980482748349168,-0.0002318777832129859
2021-04-07,-0.0008306309226683295,-0.0030279350183097797
2021-04-08,-6.81024549639142e-05,0.002483310780044823
2021-04-09,0.003656081412583667,0.0060237492832140305
2021-04-12,0.0015247348232640956,0.0034272133529440474
2021-04-13,0.003047150396388254,-0.002573788006228095
2021-04-14,-0.0027141065299950418,-0.00047786619152201393
2021-04-15,0.007568404988363309,0.008916811344954922
2021-04-16,0.00218505926255097,-0.0012858344150038503
2021-04-19,-0.0007086278252560474,-0.0021015768621008846
2021-04-20,0.0064208182979113015,-0.010479605532524139
2021-04-21,0.004771517561965588,0.0098181867468774
2021-04-22,-0.00016551020511679226,-0.010974290307872225
2021-04-23,0.002545237447659332,0.009756953686690162
2021-04-26,-0.007174073165701733,0.0047835623457190835
2021-04-27,-0.004838141240015914,0.009844572222941661
2021-04-28,-0.0008906156122564513,0.0050384165348169585
2021-04-29,0.00948327965040141,0.008614796253276769
2021-04-30,-0.0002927591030621457,-0.005520577199824794
2021-05-03,0.009451887066457498,0.002445634102859362
2021-05-04,-0.004143074845899042,-0.0007420467228874683
2021-05-05,0.0036396013774282476,0.003657797491640302
2021-05-06,0.006284017845690659,0.006355217067235408
2021-05-07,0.0013425745138491152,0.007690885962811089
2021-05-10,0.003927079059500294,-0.004315090095459495
2021-05-11,-0.008525821418712609,-0.010365402386191436
2021-05-12,-0.010747535195499758,-0.014490544650240356
2021-05-13,0.011784451153392217,0.011867809162590337
2021-05-14,0.0016623467720502383,0.009747831683115438
2021-05-17,0.0006622902721249435,0.00639271980500955
2021-05-18,-0.004518201228265739,-0.005983260876336494
2021-05-19,-4.70533028806841e-05,0.0032254126626212187
2021-05-20,0.01036188627097645,0.011280411013023572
2021-05-21,-0.0028097830520519285,0.00038364157816173083
2021-05-24,-0.0019174074072576541,0.008207814185798856
2021-05-25,-0.006939615886189077,-0.0048814610580074635
2021-05-26,0.0007519701553297953,0.0038723386778707347
2021-05-27,-0.006272190706147707,-0.002099254262985073
2021-05-28,0.0019441062235920903,0.008703353375822065
2021-06-01,-0.004509554235334279,0.00986681614622098
2021-06-02,0.002034921303347703,-0.0038836581719321472
2021-06-03,0.004406239298622827,0.004910686012807419
2021-06-04,0.004854919036337391,0.007698520400331255
2021-06-07,-0.0035952066561355522,0.0006740058108278824
2021-06-08,-0.006821621621247886,0.0015864220016625907
2021-06-09,0.005802172908783598,-0.011690886134377854
2021-06-10,0.008397935881085061,-0.0013157681498631169
2021-06-11,0.001861583421134183,0.002109766208515884
2021-06-14,0.0011698958666472858,-0.005709671266794669
2021-06-15,-0.0039017273371876326,-0.007406367463499208
2021-06-16,-0.010642324810694048,-0.009507883448792387
2021-06-17,0.0006387415434687682,-0.007096808789874842
2021-06-18,-0.011451163766999062,-0.0041019067965220035
2021-06-21,0.010437539046625588,0.018479473125309287
2021-06-22,-0.0009068216096486115,0.0017893489638778348
2021-06-23,-0.006941645303979782,4.234263031976937e-05
2021-06-24,0.004549684648939456,0.007991817963182601
2021-06-25,0.01239135966549143,0.0007611620347800496
2021-06-28,0.001331742306889483,0.00337662592914989
2021-06-29,-0.003994835058908519,0.0043702041761419785
2021-06-30,0.007079178797823715,0.000915789402840872
2021-07-01,0.004246093566812936,0.0022986761137884226
2021-07-02,0.0045142007970011555,0.005207752554653666
2021-07-06,-0.0023873130573213164,-0.0018522213428606715
2021-07-07,0.002379194681674912,-0.00047241592783420217
2021-07-08,-0.004825946154925376,-0.011864742357378888
2021-07-09,0.006025697230703342,0.01781702752805092
2021-07-12,0.0016791448329789294,0.009081581905228564
2021-07-13,-0.0026381987466844725,-0.011888100227639642
2021-07-14,0.004351484070089784,-0.0024981038480255124
2021-07-15,0.002218927750511579,-0.006769786325789062
2021-07-16,-0.0007952745039689901,-0.0156659156768566
2021-07-19,-0.01408852395246174,-0.010509632185016438
2021-07-20,0.004555857661947105,0.014401369927038665
2021-07-21,-0.002241198330586669,0.01138579094002301
2021-07-22,0.00029423317869059495,0.002547307042989777
2021-07-23,0.010310373496694059,0.006552560009660757
2021-07-26,0.002050059381630609,0.0015967448522982153
2021-07-27,0.0024061118985345686,-0.00643788143912738
2021-07-28,-0.0010403506604914625,0.005303321872571765
2021-07-29,-0.0004141308728538018,0.009596267879019793
2021-07-30,-0.0034762392433554945,-0.0014528564532452215
2021-08-02,-0.0017985387488353988,-0.003951649386482625
2021-08-03,0.0029691146217034614,0.01119426394949441
2021-08-04,-0.008113461618314388,-0.004087600877958009
2021-08-05,0.00539725791166501,0.002753142347629023
2021-08-06,-0.0014406759265125357,0.003520762796832555
2021-08-09,0.00091051477937798,0.009838576525594389
2021-08-10,0.005035233613112089,0.021111446886616037
2021-08-11,0.004606849845590455,0.008880123904920323
2021-08-12,0.002854748220653125,0.008598518500486652
2021-08-13,0.0037141306073602554,0.0014982113329633506
2021-08-16,0.007121955000512603,-0.002109502566500998
2021-08-17,0.001895737974421774,-0.012965600496866903
2021-08-18,-0.010922171088860844,-0.003601756463547323
2021-08-19,0.0018506239569326954,-0.0048947958850845685
2021-08-20,0.004503131258339899,0.009039173692068303
2021-08-23,-0.0017451802704266939,0.013309477154107352
2021-08-24,-0.0054325746175081235,0.005305720018718096
2021-08-25,-0.0031796264847385736,-0.002079686290705207
2021-08-26,-0.005600434386553554,-0.007730413633044386
2021-08-27,0.0013325546075129147,0.012663643338246988
2021-08-30,0.004288961618775344,0.0030524701573444446
2021-08-31,0.002749297828142039,-0.005666632007797601
2021-09-01,-0.0005661866499186985,0.002527403267775119
2021-09-02,0.006984478434003627,0.0020960354322081542
2021-09-03,-0.0013376717969898477,-0.003176312400555492
2021-09-07,-0.012846054930224504,-0.007360428819570997
2021-09-08,0.0036576043576970196,-0.0037589357981019367
2021-09-09,-0.01065621988079335,-0.006269710656589655
2021-09-10,-0.007197949898661848,-0.002106315667551928
2021-09-13,0.0007945564885305512,-0.00414005550692087
2021-09-14,-0.005837579915977442,-0.01216756248003481
2021-09-15,0.0029498065880571023,0.007368455111616656
2021-09-16,-0.003928571871227193,-0.006262754392930225
2021-09-17,-0.006674742275730616,-0.019234325322886936
2021-09-20,-0.010235054658650489,-0.021873708469127173
2021-09-21,-0.005597749568970745,-0.0038944555926009317
2021-09-22,0.0008046389355491623,0.009226999459707397
2021-09-23,0.004665881968701546,0.009450311796405542
2021-09-24,-0.0020183890661810144,-0.00602753559898539
2021-09-27,-0.0005836727665727848,-0.0005681001712583011
2021-09-28,-0.0055077401503978995,-0.009879625345555865
2021-09-29,0.008715455314895593,-0.0023741752775715552
2021-09-30,-0.008498744753406173,-0.013949825118578008
2021-10-01,0.013659261754100704,0.00619561784354139
2021-10-04,0.002434122351216761,-0.008740160186528123
2021-10-05,-0.0002722085870577873,0.004555780518242791
2021-10-06,0.003846544148033759,0.010778664582704156
2021-10-07,0.007259149742139925,0.004741146512948324
2021-10-08,-0.00616990395939121,-0.0031333009266655276
2021-10-11,-0.007513897138195502,-0.001835669618279967
2021-10-12,0.0015874828576731836,0.015397644991007597
2021-10-13,0.0016415508389164835,0.012535581979457922
2021-10-14,0.009817262896046453,0.02367795237433934
2021-10-15,-0.002012455446832484,-0.005518963352386774
2021-10-18,-0.001014281948151452,0.006777644527433013
2021-10-19,0.013461219764210108,-0.0002835260287601393
2021-10-20,0.010002862955591274,0.0015516341433832181
2021-10-21,0.005868878185083082,-0.0007776402385948344
2021-10-22,0.0032702807374698217,0.010758297096720382
2021-10-25,0.0041594599786694,0.009992403016202633
2021-10-26,0.0007715028101435983,0.010769149305095205
2021-10-27,-0.010927240043880238,-0.016587400191597435
2021-10-28,0.019466701464836422,0.022099745600626663
2021-10-29,-0.0005533547819831508,0.0046482986602278675
2021-11-01,0.00567361325061877,0.004862722231334438
2021-11-02,0.003629833257000392,0.011090908404515432
2021-11-03,-0.0012630220216336419,-0.006203620811226052
2021-11-04,0.0001175626423643994,0.00362856335110906
2021-11-05,-0.00967784917066028,-0.01714033576409546
2021-11-08,-0.00014682857182901632,0.010023269747885033
2021-11-09,0.0006821917338797334,-0.0032839710278659284
2021-11-10,-2.5952863053291253e-05,-0.006854133982989619
2021-11-11,0.0038361192695230972,0.008104976123813001
2021-11-12,0.002293959319184413,0.002761518201269908
2021-11-15,-0.004224953681182031,0.002206815997835676
2021-11-16,-0.00551052738708413,-0.004381167008135622
2021-11-17,-0.0020756760250646433,-0.006364878400883178
2021-11-18,-0.002936195341609049,0.009447376143167041
2021-11-19,-0.009198590333634238,-0.009008873594618882
2021-11-22,0.0024061002233926043,0.002837167963262832
2021-11-23,0.006535081337430526,0.012225967766084311
2021-11-24,-0.001292738771360935,0.005523446562879952
2021-11-26,-0.01375593311737644,-0.02946594264087954
2021-11-29,8.941720667676734e-05,0.013667014015767975
2021-11-30,-0.023130995432130264,-0.01639494451413126
2021-12-01,-0.011767466499535084,-0.009729305893172335
2021-12-02,0.013784184193950999,0.026344814454931864
2021-12-03,0.00932544882770836,-0.006430074483356862
2021-12-06,0.011164617624958018,0.0075538696336665545
2021-12-07,0.002903254768465535,0.018587427563507175
2021-12-08,0.0006698729191498831,0.00010540618641230459
2021-12-09,-0.0027332833648465726,-0.007459648530718788
2021-12-10,0.009236714619018427,0.007611401873319323
2021-12-13,0.007766505218717912,-0.0004110865638511374
2021-12-14,-6.0667102127598405e-05,0.0010321415068204054
2021-12-15,0.01364772642205736,0.02021158097835274
2021-12-16,0.007818862230909218,0.0008329796072485962
2021-12-17,-0.013362463036223016,-0.011135051379655203
2021-12-20,0.003155214629423808,-0.0010273722545129926
2021-12-21,0.001729337603240122,0.0035967853311622555
2021-12-22,0.005578627514870149,0.009469857736633891
2021-12-23,0.0005273953834712408,-0.0021031267803217624
2021-12-27,0.010428132774553234,0.019462303907804124
2021-12-28,0.00592355684847834,-0.0011490159470204375
2021-12-29,0.0014059417112350925,0.002433448240354741
2021-12-30,0.0006838086884501937,-0.0031133130616900484
2021-12-31,0.0005247560828707254,0.0013287782121294
2022-01-03,0.001492222435799162,-0.006750227660916375
2022-01-04,-0.0016539240092683372,0.0010382893661435855
2022-01-05,-0.0022324962629443057,-0.005905432615457729
2022-01-06,-0.0038761804211294715,-0.00020312176360459677
2022-01-07,0.003805671496543317,-0.012795970734441053
2022-01-10,0.0017081111590957487,0.0026572267983635545
2022-01-11,0.003679814640802137,0.007228787521054603
2022-01-12,-9.325278308769391e-05,0.00801858306413794
2022-01-13,-0.004450486040078472,-0.01469440385723464
2022-01-14,-0.0016080588033262622,-0.00045855387938165126
2022-01-18,-0.009511610730418507,-0.01392347194966903
2022-01-19,-0.0020650701213607014,-0.012554708757938626
2022-01-20,-0.010857498514825203,-0.01838643446516064
2022-01-21,-0.0033005448111554925,-0.012952566848672964
2022-01-24,-0.005722936690439218,0.0001296638790582172
2022-01-25,-0.003069024982658264,0.0003999393309328525
2022-01-26,-0.015742941498361862,-0.010243035032729053
2022-01-27,0.00044229344798552006,0.0004311333834499109
2022-01-28,0.01713372001325575,0.030228922673483316
2022-01-31,0.009568391117744213,0.007453097625905958
2022-02-01,-0.0046815509795427035,0.0017191218231382699
2022-02-02,0.013361078034692442,0.028704966461447157
2022-02-03,-0.004809544419534295,-0.00820115366069285
2022-02-04,-0.004766193949353625,-0.005042248476595401
2022-02-07,-0.0012687063787135688,0.0028469282595966483
2022-02-08,-0.0008231175292922055,0.0007467704527386321
2022-02-09,0.006970165773334314,0.01916612229942971
2022-02-10,-0.020287470901895643,-0.021898906139889873
2022-02-11,-0.0011636086444380966,-0.004347202174990739
2022-02-14,-0.008426104929299849,-0.007612663409545917
2022-02-15,-0.0005629247201477394,-0.0017537931710709387
2022-02-16,-0.0015801143885246782,0.0010168382022426314
2022-02-17,-0.0072389516790303254,-0.013967121744413724
2022-02-18,-0.00485845832217624,-0.008872753698402236
2022-02-22,-0.002804126142790353,-0.005972623103782326
2022-02-23,-0.0021479456642057304,0.011561917953853085
2022-02-24,-0.001082386904090793,-0.00018422948537655248
2022-02-25,0.028156747916444402,0.0340934961504511
2022-02-28,-0.0046012820505474394,-0.006936061354707257
2022-03-01,-0.0013882285398685301,0.005290851564489829
2022-03-02,0.012028251836813997,0.018955760933882626
2022-03-03,0.010404501890236117,0.010089184323846201
2022-03-04,0.008092597143210423,0.00984563741528155
2022-03-07,-0.008006324346373828,-0.008874430265935263
2022-03-08,-0.014259697977853425,-0.022040557922495374
2022-03-09,0.0024027337647334335,0.008319901564922905
2022-03-10,0.002436554289896087,0.006008639203818111
2022-03-11,-0.0043663115983859635,-0.007011340593174209
2022-03-14,-0.0021944637158168856,-0.010500789032674929
2022-03-15,0.00629881854145431,0.006688695548287882
2022-03-16,0.0029731505152885696,0.006166460378088212
2022-03-17,0.011369126368485638,0.019142580220665284
2022-03-18,0.0023655319321553847,0.0062707847466756395
2022-03-21,0.003426453951047126,0.012539823720078891
2022-03-22,0.0037840547115448597,0.0028169050262729645
2022-03-23,-0.008475226384491497,-0.001389363226045437
2022-03-24,0.006641109002366141,0.01876154073430225
2022-03-25,0.008211866307352045,0.009717959013042066
2022-03-28,0.005733462194565275,0.004792790615610665
2022-03-29,0.013685090731376803,0.012809035420222825
2022-03-30,0.0012984716687685083,0.0003854564809664396
2022-03-31,-0.0080435229560335,-0.011474098917690578
2022-04-01,0.011178058996610396,0.010497919434746317
2022-04-04,2.407919719837892e-05,-0.002926040199853208
2022-04-05,-0.0024219156488242133,-0.004873846684706362
2022-04-06,0.0130131581541022,0.01472649661070391
2022-04-07,0.003385203218169597,0.011743877251870094
2022-04-08,0.0072978826417484655,0.005344626332444813
2022-04-11,-0.015909971504074916,-0.024590931526689785
2022-04-12,0.004912028551484093,0.007472223585770266
2022-04-13,0.006404464191737569,-0.0018787099433021925
2022-04-14,0.002863364384192213,0.005641342067946198
2022-04-18,-0.0029222417384814348,0.004932215359899406
2022-04-19,0.006454047556901266,-0.003406364024100883
2022-04-20,0.0033974223623827182,0.005922627565629446
2022-04-21,-0.012883883133384288,-0.021331134241863392
2022-04-22,-0.01833151100704511,-0.02768526279682526
2022-04-25,-0.0033570801259745764,-0.010465531120025795
2022-04-26,-0.014248002528931658,-0.010186284424625325
2022-04-27,-0.0018591360509533361,0.0006402445208506524
2022-04-28,0.017066647937179935,0.02140213472191066
2022-04-29,-0.0304367677149443,-0.05157936277088093
2022-05-02,0.001093510685909127,-0.013424691452484483
2022-05-03,0.0029529119521698455,0.008475364380409856
2022-05-04,0.023408889687782652,0.018326142062107476
2022-05-05,-0.01443410788067312,-0.02140399528423842
2022-05-06,-0.004429862746192725,0.0025112107605198553
2022-05-09,-0.015434976276965218,-0.057517486148309205
2022-05-10,-0.008025593678112286,-0.008103710252243324
2022-05-11,0.009584550083017174,0.0008998156984154626
2022-05-12,0.006626275642963586,0.006500621387882655
2022-05-13,0.01049490526067709,0.018668970686974262
2022-05-16,0.007693309002690052,0.008286476536443876
2022-05-17,-0.0007009267449114009,0.006142531165326037
2022-05-18,-0.019459079548224456,-0.03039766222694007
2022-05-19,-0.004850052431314422,8.611431249949675e-05
2022-05-20,0.00308051168461132,0.0027017749969204807
2022-05-23,0.01674460334020411,0.015677089125503807
2022-05-24,0.01147708341975906,0.004138515361582051
2022-05-25,0.004155090499569747,0.010011137439869033
2022-05-26,0.004757710898870782,0.008948845553484741
2022-05-27,0.010143598259478859,0.017979158057156663
2022-05-31,-0.009194193821245311,-0.014934501102990105
2022-06-01,-0.004991359105664617,0.0022921490380456433
2022-06-02,0.0033459411391807414,0.0018366060008954133
2022-06-03,-0.005185228922598983,0.002181194002070841
2022-06-06,-0.004270018402757092,-0.0028304519467252653
2022-06-07,0.00834432362628057,0.013073737169398525
2022-06-08,-0.009405877663213769,-0.008358605148782172
2022-06-09,-0.02270549149733425,-0.02515450527165397
2022-06-10,-0.009484897749280408,-0.012228326402014433
2022-06-13,-0.03416832434520212,-0.04465499221574276
2022-06-14,-0.013954572655769604,-0.008350818961235018
2022-06-15,0.002037494422878039,-0.006723856489744273
2022-06-16,-0.009483090011935813,-0.02545791887542137
2022-06-17,-0.006940407158443018,-0.02239434707953525
2022-06-21,0.022124391714995806,0.03484057098889326
2022-06-22,0.002053044799135373,-0.007559898914144214
2022-06-23,0.014340665300535571,0.0021732208257485564
2022-06-24,0.013461368428865583,0.017404922127832956
2022-06-27,-0.002121097701435981,0.01252484494078554
2022-06-28,-0.006853440822800927,0.0036467771483459366
2022-06-29,0.000278102869665231,-0.007482840847502281
2022-06-30,-0.004653645962838127,-0.005002146947666097
2022-07-01,0.015314818806259511,0.012341519977332682
2022-07-05,-0.005051136286770008,-0.011078617758340403
2022-07-06,0.0020590549691246185,-0.003610611768701699
2022-07-07,0.0013469733639035475,0.0015766397952947653
2022-07-08,-0.0026015489033549555,0.0013564462901050067
2022-07-11,0.0015611949522498225,0.0017285214691236117
2022-07-12,-0.005286825395396821,-0.006495903880510578
2022-07-13,-0.0008613389599688714,-0.0034437975154145706
2022-07-14,-0.006934024250256021,-0.001015730890019606
2022-07-15,0.009982677699982956,0.016541658658655978
2022-07-18,-0.014853815538853232,-0.01549388267642926
2022-07-19,0.012213314568001232,0.007345827677308181
2022-07-20,-0.009688579748615145,-0.009811455480707387
2022-07-21,0.002865068643759905,-0.0024657912842742657
2022-07-22,0.0003856231740393401,0.004542015987912373
2022-07-25,-0.004499948663247655,0.01577812375321863
2022-07-26,-0.0019762382995539562,0.002323056044370997
2022-07-27,0.0012744067572494355,0.0019504119383371155
2022-07-28,0.006257979919582102,0.003704409818843901
2022-07-29,0.00011459782898604054,-0.008411811920227441
2022-08-01,-0.004828495106638631,-0.011407973054689546
2022-08-02,-0.00459018405664402,-0.0065652905605591005
2022-08-03,0.011526358197960995,-0.010522734976121884
2022-08-04,-0.008055260951802978,-0.016100940388429463
2022-08-05,-0.004268375353042253,0.0046752827034135525
2022-08-08,0.003881991204051971,0.0055330524445464935
2022-08-09,0.0035110080822700063,0.015786757519294037
2022-08-10,0.010073478089955401,0.0031367749729649397
2022-08-11,-0.0010012942430437377,0.013360500203336567
2022-08-12,0.01428482816173049,0.006260763210212961
2022-08-15,0.010563020171689308,-0.007921737334928625
2022-08-16,0.010639047297448911,0.0006564043116847884
2022-08-17,-0.005209303594871262,-0.00016771971733364754
2022-08-18,-0.0011772073174257658,0.012030209515030643
2022-08-19,-0.003107851548250107,0.018838048689768794
2022-08-22,-0.013146453211410059,-0.014615952107259744
2022-08-23,-0.0043456255094258545,0.017906924814898195
2022-08-24,0.0005992993462160534,0.004008284237856818
2022-08-25,0.004566127297722211,0.004342074070908142
2022-08-26,-0.019768625994465383,-0.01250546275382125
2022-08-29,-0.0022878960153039918,0.0072206728169887935
2022-08-30,-0.009198049848911705,-0.020748508211758887
2022-08-31,-0.003195891025434272,-0.011091915241235872
2022-09-01,0.011783426573719558,-0.0007542541613159148
2022-09-02,-0.009109558842914645,-0.0005877021323023035
2022-09-06,-0.0024134617616540233,-0.007857300382380417
2022-09-07,0.01711610142301101,0.003260718299650245
2022-09-08,0.0009832608876814142,-0.0012070061365955231
2022-09-09,0.00860869273802356,0.011469976957328987
2022-09-12,0.008336052401938243,0.00988137559133162
2022-09-13,-0.02946758221504786,-0.023430986915592644
2022-09-14,0.007655661626740917,0.021090477377382344
2022-09-15,-0.012059584363792175,-0.021511010499161598
2022-09-16,0.0005778524856341338,-0.006739310543899979
2022-09-19,0.003517422534098369,0.00538239131709517
2022-09-20,-0.012453255011632747,-0.00932407743549546
2022-09-21,-0.012103399313340923,-0.015203045816868488
2022-09-22,0.0035291521532798686,-0.001926017262473989
2022-09-23,-0.01728555460853931,-0.03337951808108164
2022-09-26,-0.012337880040838245,-0.019516696765054298
2022-09-27,-0.007594213853579057,-0.0046983329809564545
2022-09-28,0.02084977355707185,0.027478342580802728
2022-09-29,-0.01848452128638234,-0.016764346124370055
2022-09-30,-0.017372823165048512,-0.017559200562242028
2022-10-03,0.025728541693787355,0.0379496005126001
2022-10-04,0.021277284374422,0.02962255134153513
2022-10-05,-0.004557391960595014,0.012414358600916442
2022-10-06,-0.00861059105690365,0.0029512815250143376
2022-10-07,-0.012929097278354562,-0.009911004325450667
2022-10-10,0.0008001112613686967,-0.019404233922554748
2022-10-11,0.01571971587127652,0.004928398864616712
2022-10-12,-0.005518331694242651,-0.0014188836833050056
2022-10-13,0.020199658914748397,0.037457280809594096
2022-10-14,-0.011946647768607321,-0.011579078804566323
2022-10-17,0.012080385587983633,0.010428841078092832
2022-10-18,0.010624224941736982,0.004245876861032949
2022-10-19,-0.006357517757392461,0.0036259756656398245
2022-10-20,-0.0032382479195938174,0.0013473692904537593
2022-10-21,0.01967745055065362,0.02904487017280588
2022-10-24,0.017387717088477306,0.01188248651534951
2022-10-25,0.008474174983433391,-0.000528699207803518
2022-10-26,0.011710159345787341,0.016423359807539617
2022-10-27,0.0019811223543184653,0.0023923109087995442
2022-10-28,0.023355662179740833,-0.014399430784826861
2022-10-31,-0.007012196635727497,-0.000291935027728063
2022-11-01,-0.0008395818724020732,0.008266467393897692
2022-11-02,-0.009326173429775264,-0.018412980784224153
2022-11-03,-0.005350146833873581,0.002743652344924463
2022-11-04,0.014157629047288678,0.011040504830898135
2022-11-07,0.01364561652553431,0.022185928685905854
2022-11-08,0.005926028971256381,0.018917484721709954
2022-11-09,-0.012777913793456164,-0.02893320449789183
2022-11-10,0.023323710309240298,0.013222897598697436
2022-11-11,-0.0029785981425722863,0.007810574277382409
2022-11-14,-0.003147095063649852,0.001560878715600289
2022-11-15,0.0056329078799199905,0.00332890452773138
2022-11-16,-0.000869769736562831,-0.00641292508048108
2022-11-17,0.003106162580758687,0.005139212452038855
2022-11-18,0.008268963667272367,0.00012421738904544455
2022-11-21,0.0018579848058675186,-0.0019265297278501237
2022-11-22,0.009792443395719275,0.015817592457108454
2022-11-23,-6.159313840281566e-05,-0.009309366325880086
2022-11-25,-6.489143263599395e-05,-0.0011939958647191329
2022-11-28,-0.010420646055252059,-0.01586911705926508
2022-11-29,0.002754275200842038,0.0031785327693845122
2022-11-30,0.01816304080224662,0.013248469606139235
2022-12-01,0.0010358879749696737,-0.0028459692558397975
2022-12-02,0.0031626589051194642,-0.0005745497922767795
2022-12-05,-0.008174858656859518,-0.0071706297764362326
2022-12-06,-0.011051558616448243,-0.012475843375579276
2022-12-07,0.0029135766061014756,0.006742033203689601
2022-12-08,0.004384979361841568,0.0026077512483400067
2022-12-09,-0.015550806797808514,-0.018329760701231823
2022-12-12,0.006089310341131249,0.0052052977529188915
2022-12-13,0.0036480378222167875,0.004026913508770491
2022-12-14,9.985541325518987e-05,0.0025888514803251717
2022-12-15,-0.015562207424946184,-0.015244664253995954
2022-12-16,-0.005984484814947066,-0.0027204133043059464
2022-12-19,-0.0015233162357118912,-1.5714485086748553e-05
2022-12-20,0.0005220044280160874,0.001572045415066281
2022-12-21,0.011935464650778993,0.011211920290808752
2022-12-22,-0.0048079729348902145,-0.005756813650115378
2022-12-23,0.004634173517528151,0.0074488367971676794
2022-12-27,0.0009505943986585219,0.00318391070056645
2022-12-28,-0.009992594469194982,-0.011600013814270227
2022-12-29,0.0067619255729312044,0.002396583075920944
2022-12-30,0.00014649057943016963,0.0020831580062241617
2023-01-03,0.0010030752899838902,-0.012610126038155034
2023-01-04,0.008910135913996475,0.006118664033909926
2023-01-05,-0.0012032194221017756,0.016697818849134904
2023-01-06,0.013553335778653697,0.012973340402234523
2023-01-09,-0.012850668849725966,-0.027829370844089762
2023-01-10,0.0008441202295861316,0.007113328443646649
2023-01-11,0.005238097088920091,0.004601416931222513
2023-01-12,-0.002087307844098607,0.011101855360069912
2023-01-13,0.0014508576846934407,0.0016137610660906798
2023-01-17,-0.005234401593047777,-0.010860432075121884
2023-01-18,-0.016828896574781593,-0.015680940809777
2023-01-19,-0.002653645702651919,0.00956904662374125
2023-01-20,0.010448503986585811,0.007870648717763773
2023-01-23,0.004871489396297113,-0.0027807108673078007
2023-01-24,-0.001229145518622965,-0.007683492893863497
2023-01-25,-0.0010336228478569076,-0.0014177343805740206
2023-01-26,0.0021700311616899004,0.007604407896333765
2023-01-27,-0.004068110386454382,-0.014448676255875537
2023-01-30,-0.004112968200768341,-0.006168312788224273
2023-01-31,0.007128665803909806,0.014832548637118581
2023-02-01,-0.01807256559957704,-0.0010599423803334673
2023-02-02,-0.01153957320135035,-0.02592405275694165
2023-02-03,-0.009165132015840127,-0.0024622936848178734
2023-02-06,-0.0004811855448334512,-0.0008865104852997518
2023-02-07,0.007939521359436874,0.016368066935433134
2023-02-08,-0.007977838847406216,0.0012687786067613338
2023-02-09,-0.003077684306524997,-0.002344194511073927
2023-02-10,0.012906766520786705,0.021539467480336416
2023-02-13,0.006672428736911318,0.006670908215105298
2023-02-14,-0.007428841392727925,-0.0016828810729614396
2023-02-15,-0.00019649092350082498,-0.0106911375839438
2023-02-16,-0.012143715563904256,-0.0076507737526948505
2023-02-17,0.01178258881028782,0.0038675133472254597
2023-02-21,-0.005516625534028985,-0.007819690481613795
2023-02-22,-0.003845913053173944,-0.004608093852069839
2023-02-23,0.003404236510982317,0.006458856639270927
2023-02-24,-0.0073392855071258145,-0.004897788269770054
2023-02-27,-0.0001926172080823907,-0.0017091089475634869
2023-02-28,-0.010970638627131879,-0.01483373700530366
2023-03-01,-0.0008783577573459045,0.0037161637781546464
2023-03-02,0.007156979644480144,0.004663470424055127
2023-03-03,0.004773879834711003,0.006123832348536418
2023-03-06,0.008620367231519488,0.0231271826413304
2023-03-07,-0.010822230733130045,-0.006030758040483031
2023-03-08,-0.005930565428553969,-0.016166962934195173
2023-03-09,-0.011799661118426563,-0.010184473313679887
2023-03-10,-0.003928080181055615,-0.0036330950576717314
2023-03-13,0.005806511444885087,-0.01384240351717414
2023-03-14,0.007590005153076618,0.014563197747402112
2023-03-15,0.003678952882037123,-0.011405005422064685
2023-03-16,0.0025160553117924422,0.00019825063922973563
2023-03-17,-0.012577955596550727,-0.02550405804780309
2023-03-20,0.012677438064589763,0.02010091573184103
2023-03-21,-0.0009793418422413547,0.00734302473686177
2023-03-22,-0.015177383642409281,-0.015521283947055431
2023-03-23,0.005831835383731665,-0.0008317649984183051
2023-03-24,0.01661805011156936,0.005865496379131141
2023-03-27,0.005006642814481488,0.015798318315440207
2023-03-28,-0.001329381316680922,-0.0003577489316060056
2023-03-29,0.007133712271007342,0.0006885635773310472
2023-03-30,0.004218674914872489,0.007246832598090558
2023-03-31,0.007100909344639472,0.0068986208873389465
2023-04-03,0.008473559507811812,0.01921321742394433
2023-04-04,0.00879283211169235,-0.008114528816105526
2023-04-05,0.013289075712889176,0.01994810754433418
2023-04-06,-0.000555409242055438,-0.0023397702614531557
2023-04-10,-0.0006436809427931012,-0.0021328623111611655
2023-04-11,-0.0005914246382504595,-0.00028254577305963924
2023-04-12,0.0010154490495963842,0.003131798716371481
2023-04-13,0.009655258709127867,0.012495691269098108
2023-04-14,-0.004167008815954443,-0.0007899767957614268
2023-04-17,0.0010911532900133025,0.001452576412127593
2023-04-18,-0.0010447918405100953,0.003953661079017401
2023-04-19,-0.0013866758933559487,-0.0010223736207470857
2023-04-20,-0.007854299655068564,0.00236001699539945
2023-04-21,0.00624338518607459,0.01265152733680952
2023-04-24,0.00030804886828095235,0.00548832246549491
2023-04-25,-0.000393643759437734,-0.005862251727183576
2023-04-26,-0.020856892483196776,-0.022327418455849957
2023-04-27,0.007498608982744459,0.008844405388266363
2023-04-28,0.0038952189447236663,-0.0021769770524826537
2023-05-01,0.0015265275566658243,0.00514070033227898
2023-05-02,-0.007041727941328069,0.002294603684715346
2023-05-03,-0.009368521835270704,-0.015772950519920004
2023-05-04,0.001246554459709559,-0.009959986561550949
2023-05-05,0.010419911580121122,0.01014567212961448
2023-05-08,-0.0003935798484878683,0.00345498216717699
2023-05-09,-0.0045305465114861,-0.004019881212203313
2023-05-10,-0.000491969451574259,-0.002690579275358429
2023-05-11,-0.0015348865856806837,-0.00358217789965376
2023-05-12,0.001386675145782279,-0.002990807761577341
2023-05-15,-0.0029122240870893545,0.00517555257132285
2023-05-16,-0.015412806697884474,-0.007105102395306706
2023-05-17,-0.001557112576363484,0.002794863450278795
2023-05-18,-0.0006828819491133675,0.00041178097229477295
2023-05-19,0.0008071240171187988,0.005142396343104094
2023-05-22,-0.007124269403046113,-0.008377512603900072
2023-05-23,-0.0026252917395923614,-0.01397418840674114
2023-05-24,-0.006749695843148773,-3.837193374600645e-06
2023-05-25,-0.012415836665677915,-0.008674460998606026
2023-05-26,-0.002225241899440844,-0.0032021132508446293
2023-05-30,-0.004245276078762128,-0.011248804014825087
2023-05-31,0.006018838773497626,0.002066511776939395
2023-06-01,-0.0023510434166332805,0.020602116938956305
2023-06-02,0.01132343247834977,0.00997812473935289
2023-06-05,0.0017118855342814765,-0.004941424341134315
2023-06-06,-0.006492099360715153,-0.010030441346167374
2023-06-07,0.0006887928547003597,-0.006816218534048679
2023-06-08,0.005824912239150493,0.012259424877739233
2023-06-09,-0.0007683989277090797,0.0030783915688126218
2023-06-12,-0.0028366063801026353,-0.0002764807915788259
2023-06-13,0.00664840125296795,0.00766327291575486
2023-06-14,0.001257409981111568,-0.002943777073061815
2023-06-15,0.009277269020012913,0.004814980710613481
2023-06-16,0.001030562132888324,0.002906848496061709
2023-06-20,-0.008101819069583183,-0.0018227418563856457
2023-06-21,-0.0025479911524342036,0.004403896055741985
2023-06-22,0.008052320676422475,0.008077862848952844
2023-06-23,-0.0048309514659500286,-0.003058116976030978
2023-06-26,0.0011168980516955695,-0.009369762441151619
2023-06-27,0.004660999843397073,0.007618621655343327
2023-06-28,-0.004061561477768816,0.001334572869709838
2023-06-29,0.00014271258337661408,0.005789636529337061
2023-06-30,0.005635909360798053,0.019516159387150234
2023-07-03,0.003147174559247512,-0.009227847912167797
2023-07-05,0.00277466256608494,-0.0005734128587059351
2023-07-06,-0.00891684596399167,-0.012507279023942663
2023-07-07,-0.01401935843639579,-0.005122779589144977
2023-07-10,0.0004433146457809567,0.01320732926384216
2023-07-11,0.008113758200350096,-0.00033296358138912296
2023-07-12,-0.002757595202282581,0.00016225681313764007
2023-07-13,0.0017441246273164346,0.001708573120659418
2023-07-14,0.003972340650116202,-0.002336214300132644
2023-07-17,-0.004320839592421355,0.0010119723259838231
2023-07-18,0.000688927936417727,0.003300121551709001
2023-07-19,0.007779801827048516,-0.006159886798701386
2023-07-20,0.016405040058327547,0.010972698863539021
2023-07-21,0.006272353082640514,-0.0007903050442552573
2023-07-24,0.0008625344027850534,-0.003982186830079892
2023-07-25,-0.0036462715120419986,0.02910233660986994
2023-07-26,0.0039866666583563415,-0.011838246467967273
2023-07-27,-0.007148753541801445,-0.0017053519183944932
2023-07-28,0.0021312551553327452,0.0012153043972737976
2023-07-31,-0.003981536821367482,0.00020229324730314246
2023-08-01,-0.004886574777514752,-0.00927328265484162
2023-08-02,-0.00872542236062035,-0.013999649629059863
2023-08-03,-0.007454553126974184,0.0034767728718532176
2023-08-04,-0.0059264414063890936,0.0024556420028727377
2023-08-07,0.011533849135222596,0.013379204706002179
2023-08-08,-0.00447874084856803,-0.00576807678233815
2023-08-09,0.002592151688705746,-0.013194907470166606
2023-08-10,-0.002351652091980516,0.000981113405866374
2023-08-11,0.00560633861588844,0.0018580348960433035
2023-08-14,-0.0018662459103383489,0.020420308013292532
2023-08-15,-0.00698234478071269,-0.007493034707179658
2023-08-16,-0.0028459212825162616,-0.005006700205298142
2023-08-17,-0.0053596887082737465,-0.009123882902322245
2023-08-18,0.004275361769807695,0.0030555525136775064
2023-08-21,-0.004049263325117791,0.018562911455515696
2023-08-22,-0.004977807732589601,-0.015003283930180578
2023-08-23,0.009582334496238909,0.026160005671299613
2023-08-24,-0.008950011657114842,-0.014247886943540844
2023-08-25,0.0025129666786241067,-0.0011291650534611675
2023-08-28,0.0036930788985978236,0.00991921314032429
2023-08-29,0.004800940251536767,0.017564094882219994
2023-08-30,0.0017947305141552405,0.0009370493632554489
2023-08-31,-0.004696713409585551,-0.002742959558210356
2023-09-01,-0.0007063897451881074,-0.0014690761149271925
2023-09-05,-0.009454544801447473,-0.011762195608623238
2023-09-06,-0.002071529130639349,-0.010832688521151268
2023-09-07,0.004913979566250282,-0.0005523767928187207
2023-09-08,0.003431761465453098,0.0002404738989976174
2023-09-11,0.0037101890464881215,0.003333545822693962
2023-09-12,-0.0020804139054418913,0.002570236641977086
2023-09-13,0.0003221712017624778,-0.005547855980075234
2023-09-14,0.008463947374540925,0.010694632545459326
2023-09-15,-0.00913138525598689,-0.012172930545246485
2023-09-18,0.0005606501583625967,0.004092375883317567
2023-09-19,0.00028548029381991746,-0.005259602556540122
2023-09-20,0.001721178571729487,-0.010323804551444882
2023-09-21,-0.014721362524746207,-0.014431031417952433
2023-09-22,-0.0014195418228960532,-0.002671894307488376
2023-09-25,-0.0020443050934675355,0.0034265691158119616
2023-09-26,-0.006652710644948323,-0.008575530782438778
2023-09-27,-0.006699309294788902,0.0005465284298540318
2023-09-28,0.001861796049134501,0.008829195077577179
2023-09-29,-0.004094245629167825,-0.009904585673361388
2023-10-02,-0.007836778427692481,-0.007751574864739874
2023-10-03,-0.007908429907965253,-0.011127546775749786
2023-10-04,0.0055116075194105996,0.006624582946325841
2023-10-05,-0.009157979706949648,0.0027214714193961598
2023-10-06,0.0053669556903299664,0.018461479099237454
2023-10-09,0.005709996106737281,-0.002374714483584617
2023-10-10,0.008707378970518764,0.006058580824621851
2023-10-11,0.002876997455447672,0.01511263129715168
2023-10-12,-0.004407898586734849,-0.008945749493786903
2023-10-13,0.002757251979998765,-0.012295919748388728
2023-10-16,0.005629861306450268,0.002034358304718209
2023-10-17,0.004564820584790574,-0.0006763803896632226
2023-10-18,-0.007911981303386995,-0.021206445488648362
2023-10-19,-0.005968399568969107,-0.008226050279888542
2023-10-20,0.00032003712416606156,-0.0042371888776071565
2023-10-23,-0.005205146736947386,0.006610186474447222
2023-10-24,0.014082219685501274,0.03638675623376497
2023-10-25,-0.002276993349698886,-0.0172155434014285
2023-10-26,-0.0015738766691159034,-0.013629748709347855
2023-10-27,-0.01769256609370351,-0.020216973630291957
2023-10-30,0.002623332893514574,0.02067883381710267
2023-10-31,0.006221228650746369,-0.011258824502242581
2023-11-01,0.004426119655271954,0.008649721191798188
2023-11-02,0.01597312561739317,0.012044351428376343
2023-11-03,0.0023924915699378158,0.016180599895728953
2023-11-06,0.0006563239574504109,0.01766142143944438
2023-11-07,0.0013620086134129572,0.0018292198623326428
2023-11-08,-0.0001442665624640238,0.011610133624433638
2023-11-09,-0.011435300845558993,-0.0024235778675916197
2023-11-10,0.00433627189523178,0.01890419959124845
2023-11-13,0.0029886737491156,0.005298818047009046
2023-11-14,0.00949716307277515,0.013394715888159547
2023-11-15,0.0032974971890533666,-0.008297296034731394
2023-11-16,-0.012283691666166274,0.004394279286276559
2023-11-17,-9.854054396296608e-05,0.0013209883577247616
2023-11-20,0.00401046253992976,0.009656764795581418
2023-11-21,0.0031044509367625928,-0.004124958023756453
2023-11-22,-0.0009394196439643787,-0.011418964185503477
2023-11-24,0.004715507525637985,-0.004474582527643323
2023-11-27,0.0004818055562778589,0.003492644277496959
2023-11-28,-0.0010063036250541613,-0.007057241239076695
2023-11-29,-0.0015140028349104329,0.0016256819301481151
2023-11-30,0.00915262535962369,0.0012751355398674669
2023-12-01,0.004449424168198934,0.002171075324128857
2023-12-04,0.0015743929141913693,-0.013657651262879988
2023-12-05,0.002635536949161965,-0.0003815743234935054
2023-12-06,-0.0026472304667800595,-0.006630455957399639
2023-12-07,0.001122454832749753,0.006278667635847501
2023-12-08,-0.0013241143077631357,0.009712872911549653
2023-12-11,0.006895448045291852,-0.0019175605774329751
2023-12-12,0.004000766124700572,0.013177922771770767
2023-12-13,0.015356714451421727,0.004223169621773826
2023-12-14,-0.0010994245295957716,-0.006857472489415151
2023-12-15,-0.004561819317453142,0.007907710713653815
2023-12-18,0.002564301487695264,0.010104327968769367
2023-12-19,0.004558509167838398,0.007015530576900186
2023-12-20,-0.012638851378069083,-0.021830712235181626
2023-12-21,0.007940790786390872,0.01904876638055808
2023-12-22,0.006140152325885717,-0.0002200875535954827
2023-12-26,0.0038452162780027166,0.00775475054760455
2023-12-27,0.003404511758314799,0.0029565715738699705
2023-12-28,0.002481439427064469,0.001835347589392855
2023-12-29,-0.0007534144253915631,-0.002397043747148664
